name, age
Alice Johnson,45
Bob Smith,52
Carol White,38
David Brown,67
Emma Davis,29
Frank Miller,54
Grace Wilson,41
Henry Moore,73
Isabel Taylor,31
Jack Anderson,58
Kate Thomas,49
Leo Jackson,62
Maria Martinez,36
Nathan Lee,71
Olivia Harris,44
Paul Clark,55
Quinn Lewis,27
Rachel Robinson,69
Samuel Walker,33
Tina Hall,51
Uma Allen,42
Victor Young,64
Wendy King,39
Xavier Wright,76
Yara Lopez,48
Zachary Hill,59
Amy Scott,34
Brian Green,53
Chloe Adams,46
Daniel Baker,70
Elena Nelson,28
Felix Carter,61
Gina Mitchell,37
Hugo Perez,68
Iris Roberts,43
James Turner,56
Kelly Phillips,30
Liam Campbell,74
Megan Parker,40
Noah Evans,65
Oscar Edwards,47
Piper Collins,57
Quentin Stewart,32
Ruby Sanchez,72
Steve Morris,35
Tracy Rogers,60
Ursula Reed,41
Vincent Cook,66
Wanda Morgan,50
Xander Bell,63
